PLAYER_NAME,ID,diff
Yves Pons,1,-1.726606892388627
Dexter Pittman,2,-1.149173981923439
Petr Cornelie,1,-1.1490583519909796
David Wear,2,-1.1241459510493546
Zach Lofton,1,-1.1160097976871741
Will Magnay,1,-1.1132383650334043
Jay Huff,1,-1.111386813197889
Vit Krejci,3,-1.093828565927997
Miles McBride,1,-1.074837463967625
Aaron Henry,1,-1.0736900329782093
William Howard,4,-1.071569657511748
Xavier Silas,3,-1.0570954917526796
Scotty Hopson,7,-1.049413923670972
Greg Whittington,3,-1.0414769367267982
Patricio Garino,7,-1.0298957105699948
Donte Grantham,2,-1.0194009981685328
Darius Johnson-Odom,8,-0.9589835322210011
Erik McCree,2,-0.9559746456458404
Malik Newman,2,-0.9436430516888583
Stanton Kidd,3,-0.9318212661366094
Mustafa Shakur,4,-0.9165027486032127
Royal Ivey,2,-0.9130292926291637
Kalin Lucas,3,-0.9084483631628396
Ben Bentil,3,-0.8865238097877892
Tyler Davis,1,-0.8817666905274983
Michael Gbinije,9,-0.8697347784396435
Angel Delgado,6,-0.8602607644531041
Marcus Garrett,1,-0.8506961216443643
Elias Harris,1,-0.8456947077164364
DJ White,1,-0.8421975572136111
Jared Harper,9,-0.8306028995287327
Malcolm Lee,1,-0.8292545339860666
JJ O'Brien,1,-0.8271062546329085
James Bouknight,2,-0.8157349845301527
Jeff Dowtin,1,-0.8143546291425939
Joe Chealey,11,-0.7814503620017125
Leandro Bolmaro,5,-0.708845883184073
London Perrantes,15,-0.6752203638531712
Zhou Qi,37,-0.6686364926878507
Tariq Owens,5,-0.6548495776262844
Yante Maten,4,-0.6267048393009849
Damion James,10,-0.6233161230467088
Ronnie Brewer,16,-0.6228486594667447
Sharife Cooper,4,-0.6178500388842976
Charles Cooke,14,-0.604275040573868
Michael Frazier II,32,-0.6032569044292138
Josh Reaves,10,-0.6014970078309829
Keith Appling,9,-0.6011926841001927
Alex Kirk,5,-0.5998178887631352
Didi Louzada,16,-0.5994981055070049
Jacob Wiley,5,-0.5979086300944426
Andre Dawkins,6,-0.5947472740961345
Karim Mane,15,-0.5725559958416698
Erik Murphy,9,-0.5542713180850519
Stephen Jackson,26,-0.553954910290189
Mike Tobey,4,-0.5512497818986035
Luis Montero,20,-0.5388461562057614
Nemanja Nedovic,37,-0.534376524755948
Vander Blue,31,-0.5314272486181935
Udoka Azubuike,15,-0.5223743161230779
Shavlik Randolph,59,-0.5140384313088111
Jalen Lecque,21,-0.5138862242633466
Will Cherry,21,-0.5133903759803043
Devon Hall,31,-0.5099960857486981
DeVaughn Akoon-Purcell,11,-0.509874045514749
Grant Jerrett,26,-0.5043958790887892
Jamaal Tinsley,12,-0.4942206463964725
Patrick Christopher,12,-0.4885722882931666
Greg Brown III,18,-0.4866646852991044
Diamond Stone,15,-0.4856528681543072
James Webb III,24,-0.4845172871753973
Cassius Stanley,47,-0.48442082880870824
Jared Butler,26,-0.4803794683598213
Kostas Antetokounmpo,20,-0.4778414046756693
Ty-Shon Alexander,13,-0.4776251621647726
Cam Thomas,20,-0.4722053571158999
J.P. Macura,9,-0.4718345298051106
Justin Champagnie,6,-0.4692014838518373
Aaron Harrison,99,-0.4609951631595893
Tyrell Terry,16,-0.4530338120347543
Alex Stepheson,31,-0.45272373625878676
Nathan Knight,122,-0.45185601561161187
Orlando Johnson,152,-0.44368157183815077
Kevin Hervey,26,-0.43933943033827166
Josh Hall,119,-0.4343478852324841
Matt Mooney,4,-0.4336205554209802
Aaron Jackson,10,-0.43358852036030304
Hamady Ndiaye,9,-0.42943226654666844
Glen Rice,55,-0.42705255195939057
Matt Costello,4,-0.4267028654571851
Ike Anigbogu,15,-0.4229916050276645
Marial Shayok,13,-0.41974140058401266
Brian Bowen II,14,-0.4190260855924163
Cameron Bairstow,59,-0.4185344431865798
Tony Mitchell,24,-0.4154162294876455
Devyn Marble,130,-0.4147772892993425
Keljin Blevins,20,-0.4143349260893473
Tyler Bey,24,-0.4113801500645435
Milton Doyle,48,-0.39876451427696513
Elijah Millsap,327,-0.3951264037338935
Lamar Patterson,91,-0.3936789550970436
Joshia Grey,47,-0.39333295058801315
Earl Barron,45,-0.3898866996081943
Vincent Edwards,4,-0.38786206601175655
Chris Babb,30,-0.3870037384036367
Marquis Teague,124,-0.3840691776410209
Jerel McNeal,12,-0.38385009718979735
Bernard James,61,-0.38350747836375865
Rawle Alkins,43,-0.38335377459404474
Jared Cunningham,179,-0.3816683083205973
Nick Johnson,83,-0.37990786996905285
Moses Moody,24,-0.3783202120467517
John Holland,64,-0.3781948551321695
Theo Pinson,251,-0.377068488601097
Shane Edwards,3,-0.37592243024379296
Isaac Humphries,21,-0.37561478838559464
Charles Brown Jr.,68,-0.37422509349936806
Jarell Eddie,87,-0.3739696763851562
Mamadi Diakite,46,-0.3730608619315356
Tyler Hansbrough,549,-0.37036634690200465
Bonzie Colson,41,-0.3665864022193882
Jalen Suggs,182,-0.36407932865684856
Josh Christopher,32,-0.36365797128670985
Xavier Rathan-Mayes,44,-0.36309323409725325
Duje Dukan,10,-0.35796214098505563
Reggie Evans,333,-0.35711652605035443
Peyton Siva,62,-0.35628078634484306
Stephen Zimmerman,33,-0.3549319058902993
Antawn Jamison,97,-0.3549244213874716
Santi Aldama,21,-0.35014125844641963
Killian Tillie,69,-0.34856566199120403
Marshall Plumlee,43,-0.3474984328366768
Omer Asik,1052,-0.34709742416429806
Metta World Peace,346,-0.3444309408481747
Damien Inglis,40,-0.34170040296348997
Earl Watson,12,-0.33983652417274923
Jemerrio Jones,34,-0.33613997262271234
Marcus Paige,15,-0.33568030266818977
Jared Terrell,42,-0.33559823587685456
Kyle Collinsworth,111,-0.3326807678055885
Tyshawn Taylor,86,-0.3311022184866257
Dewan Hernandez,15,-0.3302218352175907
Davon Reed,94,-0.3288129395480134
Emanuel Terry,9,-0.32825067746441783
Dahntay Jones,48,-0.3281372012668344
Deng Adel,38,-0.32717909535716866
Rakeem Christmas,57,-0.32687549820524353
Justin Wright-Foreman,22,-0.3267762099864187
Gal Mekel,108,-0.32200409427078686
Jeffery Taylor,265,-0.32017695971087373
Marques Bolden,3,-0.3190817880657176
Russ Smith,50,-0.31527406579806816
Andrei Kirilenko,195,-0.31469255788329886
Isaiah Jackson,3,-0.31393575092637377
Reggie Perry,82,-0.3138951530587971
Jordan Mickey,147,-0.31356493646889844
Othyus Jeffers,8,-0.3125507390687158
Antonius Cleveland,39,-0.3123091474705657
Shannon Brown,91,-0.3121724904770673
Aaron Gray,63,-0.31056848087365196
KZ Okpala,123,-0.310538154989307
Amile Jefferson,40,-0.3096913956048775
Nigel Williams-Goss,16,-0.3085013026774925
Ron Baker,310,-0.3082423252411725
Vic Law,19,-0.30815900953738445
Quincy Miller,324,-0.3076338837532537
Josh Okogie,1363,-0.3070859590514797
Zoran Dragic,30,-0.3062036129436677
Precious Achiuwa,404,-0.304729354701818
Ricky Ledo,125,-0.30384150889223643
Naji Marshall,279,-0.3030040031239301
Dusty Hannahs,23,-0.30281492772837465
Lou Amundson,374,-0.302631953366959
Brodric Thomas,125,-0.3025850075131751
Dairis Bertans,47,-0.30121321337282975
Robert Woodard II,24,-0.3005468363398674
Sekou Doumbouya,571,-0.3003782209577021
Georgios Kalaitzakis,10,-0.2996002918149462
Kyle Alexander,2,-0.29916606433073456
Kyle Guy,98,-0.29661863301185276
Jack Cooley,57,-0.2933804152817854
Xavier Henry,434,-0.2915949187701063
Romeo Langford,201,-0.2903948310348551
Viacheslav Kravtsov,17,-0.2896538617148384
CJ Elleby,85,-0.28902782591045917
Quinndary Weatherspoon,57,-0.2890099207335371
Dionte Christmas,72,-0.2886494951772515
Phil Pressey,539,-0.28811243932417097
Zhaire Smith,48,-0.2862310732369871
Daniel Oturu,58,-0.2846921148402903
Josh Green,111,-0.28408118810213956
Wade Baldwin IV,179,-0.2817167050042098
Chris Singleton,78,-0.2814330904175348
Cleanthony Early,266,-0.2785413886283257
Kostas Papanikolaou,260,-0.2777271312805143
Tony Wroten,1490,-0.2766177337479656
Anthony Brown,173,-0.2766072853357898
Julian Washburn,49,-0.27416517571414534
Malcolm Thomas,61,-0.2739518017456189
Dzanan Musa,209,-0.2725788263112756
Pierre Jackson,41,-0.27252349893707917
Rondae Hollis-Jefferson,2524,-0.27241380417991723
Trendon Watford,2,-0.27196757147200984
Isaac Okoro,704,-0.2702023612175571
Wes Iwundu,932,-0.268491516192993
Nate Darling,7,-0.268201021899315
Axel Toupane,98,-0.2665324287223471
PJ Hairston,693,-0.2663687256101315
Andrew Harrison,972,-0.26577338477912765
Josh Huestis,210,-0.26535171449216566
Alexey Shved,662,-0.2650871051521614
Daniel Orton,43,-0.26461272698180754
Kyle Wiltjer,15,-0.26345388539366477
Trey Murphy III,86,-0.2622146556599015
Jalen Green,218,-0.26210517533851885
Brandon Davies,294,-0.26196172626122377
Archie Goodwin,931,-0.2616713279825128
Isaiah Hicks,90,-0.26101551135938855
Jawun Evans,282,-0.2599137242160414
Naz Mitrou-Long,39,-0.2597931795406845
Lamar Stevens,181,-0.25937369163887397
Marcus Georges-Hunt,64,-0.25702928247759704
Hilton Armstrong,25,-0.25641648734631867
Damien Wilkins,40,-0.25625624266072883
Usman Garuba,14,-0.25575007339242284
Vincent Poirier,51,-0.254952091726674
Anthony Randolph,202,-0.2546734511618524
Sindarius Thornwell,386,-0.25416672831332265
Ziaire Williams,73,-0.2536190196241972
Manny Harris,90,-0.2529250941220643
Rodney Purvis,110,-0.2527787118968123
Semaj Christon,233,-0.2527153354039805
Deonte Burton,212,-0.25228036190123626
DJ Stephens,9,-0.25182801667197174
Norvel Pelle,69,-0.25120730168707334
Sean McDermott,36,-0.25008300042739334
Lorenzo Brown,335,-0.24991138988857617
Moses Brown,332,-0.24976746983512096
Isaiah Taylor,453,-0.24974558745671818
KJ McDaniels,748,-0.24932920568176403
Darius Bazley,1255,-0.24855992910859678
Okaro White,111,-0.24846832187116977
Jacob Evans,200,-0.24825008901088963
Alperen Sengun,103,-0.2480771320483956
Sheldon Mac,85,-0.24759807179032794
Kay Felder,250,-0.24748543413789675
Jalen Smith,61,-0.24726019105922645
Elliot Williams,419,-0.24722520685922134
Nigel Hayes,34,-0.24547476854992029
Derrick Williams,2018,-0.24284761198322918
Rayjon Tucker,77,-0.24170132592251325
Cade Cunningham,135,-0.24091110182116082
Zach Norvell Jr.,12,-0.24070532204566872
Malachi Richardson,207,-0.23977973632694938
Marquese Chriss,1849,-0.2391075425350642
Jeremiah Martin,94,-0.23892860489536968
Anthony Bennett,688,-0.23886333650904049
Jarrett Culver,809,-0.238206801144593
Chuck Hayes,189,-0.2374847136914832
Shayne Whittington,61,-0.23742164557635265
James Nunnally,91,-0.23662528592861135
Zaza Pachulia,2290,-0.23597733276469468
Aleksej Pokusevski,506,-0.23585217209978987
BJ Johnson,54,-0.23464780599794624
Chauncey Billups,81,-0.23381293098448322
Caleb Swanigan,172,-0.2334012646255724
Shaquille Harrison,878,-0.23315974485561988
Ramon Sessions,2312,-0.2326248613505828
Ryan Kelly,888,-0.23251956779918445
Nate Hinton,44,-0.23173822132416297
Joakim Noah,1974,-0.23160264329873986
Billy Garrett,27,-0.23125494162978708
Andre Roberson,1255,-0.23044653104680116
Jaylen Hoard,143,-0.23013562257718137
Tyrone Wallace,563,-0.22836197065222255
Ignas Brazdeikis,130,-0.22799948637720024
Daniel Ochefu,28,-0.22788794246262012
Timothe Luwawu-Cabarrot,1593,-0.226754840411635
Jonathan Kuminga,32,-0.2266020174039952
Jeff Withey,545,-0.225736675437787
Brandon Paul,141,-0.22520217233100176
Alonzo Gee,749,-0.22479898966225506
AJ Hammons,50,-0.22402676840178387
Chinanu Onuaku,14,-0.22296316314893147
Michael Carter-Williams,3975,-0.22296048236872273
Landry Fields,104,-0.22279718315228864
Solomon Jones,18,-0.2224510348350593
Luguentz Dort,1122,-0.22241411435142433
Drew Gordon,19,-0.222116048178308
Frank Mason,693,-0.2213552630036579
Cam Reddish,1059,-0.22132202127969436
Cody Martin,531,-0.22108662235102877
James Young,221,-0.22087921355341683
Matt Williams Jr.,6,-0.2202547511830832
Haywood Highsmith,11,-0.21969888703762688
Justin Patton,92,-0.219214281908958
Myke Henry,112,-0.21892542905864093
Day'Ron Sharpe,14,-0.21823670964927114
Tony Allen,2147,-0.21766616038847403
Anthony Lamb,126,-0.21756489464238551
Jan Vesely,195,-0.21733230393319697
Mfiondu Kabengele,130,-0.2172888665067399
Saben Lee,254,-0.21654544855039268
Tibor Pleiss,26,-0.21635430180493978
Jalen Jones,150,-0.2158737621445034
Markel Brown,560,-0.21512992460458782
Jarnell Stokes,53,-0.21439682990689815
Eric Mika,4,-0.2138988176936728
Greg Oden,56,-0.21336384318335955
Eric Maynor,106,-0.2131412753420243
Andrew Bynum,222,-0.2123011301365209
Chris Johnson,587,-0.21207559242351656
Festus Ezeli,404,-0.21173964632046038
Corey Brewer,3163,-0.21145085958134124
Justin Anderson,1096,-0.2111999103576737
Ronnie Price,629,-0.21081334438238333
Solomon Hill,2297,-0.2106222545661277
Jabari Brown,187,-0.21040527002512224
Bismack Biyombo,2334,-0.20981865198237015
Udonis Haslem,563,-0.20969732727420215
Stanley Johnson,2381,-0.20829368541017368
Rashad Vaughn,480,-0.20784590695547037
Tornike Shengelia,29,-0.20757882389590354
Caleb Martin,441,-0.20729552960166822
Kira Lewis Jr.,430,-0.2072731075144393
Thomas Robinson,1143,-0.2071252013606135
Bruno Fernando,260,-0.20703461211065072
Goga Bitadze,410,-0.20663353423768482
Jaylen Adams,120,-0.2065674575558843
Isaac Bonga,384,-0.20651898152513393
Furkan Aldemir,89,-0.20621963149356168
James Michael McAdoo,279,-0.20593067262834566
JJ Hickson,1490,-0.2058152648543687
Jarell Martin,957,-0.20560253072636694
Freddie Gillespie,94,-0.20557422094152952
Kevin Knox II,1592,-0.20553795871578043
Thon Maker,1095,-0.20514324699539985
Larry Sanders,360,-0.20501089418982119
Wenyen Gabriel,120,-0.20486946231658543
Jordan Adams,99,-0.20317465492929263
Joel Bolomboy,26,-0.2027821475033561
Chris McCullough,200,-0.20233353024116976
Treveon Graham,750,-0.2021640162662262
Arnett Moultrie,41,-0.20210480500777958
Chandler Hutchison,545,-0.2019219792790847
Elijah Hughes,33,-0.20166804955797007
Austin Daye,199,-0.2012859218475752
Troy Williams,392,-0.2008879353967424
Theo Maledon,697,-0.20076368528735483
Henry Ellenson,347,-0.20006230751147022
Maurice Ndour,96,-0.1997789403868657
Al-Farouq Aminu,3653,-0.19908017341820927
Corey Kispert,48,-0.19888766720092957
Mike James,471,-0.1988811505088635
DeAndre Liggins,263,-0.19883199995116224
Emeka Okafor,104,-0.19800320009271105
Adam Mokoka,48,-0.19768684749081814
Justise Winslow,2423,-0.19761618410061896
Gerald Wallace,299,-0.1971987637875753
Hamidou Diallo,1085,-0.196474893926656
Isaiah Whitehead,631,-0.19643301901991472
Darius Morris,206,-0.19627382903044027
Cory Jefferson,208,-0.19598175529206793
Kendrick Perkins,549,-0.19550336867730145
Pero Antic,617,-0.19496461052214714
David Nwaba,1289,-0.19492213376002157
Jarred Vanderbilt,369,-0.19378549955971175
Deividas Sirvydis,42,-0.19347230634861448
Branden Dawson,5,-0.19322887209304995
Emmanuel Mudiay,3267,-0.19317556913376518
Nico Mannion,124,-0.19291470676559752
Gustavo Ayon,108,-0.19282541257115154
Jaron Blossomgame,111,-0.192281649803572
Sergey Karasev,246,-0.19189938779731164
Dante Exum,1331,-0.19184791495760956
Omari Spellman,586,-0.19171422756684695
Darrun Hilliard,301,-0.19159513378372678
Khem Birch,1034,-0.19085574739964634
Thanasis Antetokounmpo,265,-0.19065323759734437
Larry Drew II,82,-0.1901941388039285
Tremont Waters,140,-0.18975374210686657
Oshae Brissett,250,-0.18946264906905655
Jeff Adrien,343,-0.18930336518687083
Jerome Robinson,541,-0.18803014007054877
Al Harrington,214,-0.18797229274816254
Marcus Smart,4405,-0.1871991480095982
Dennis Smith Jr.,2193,-0.18662881255362404
Keita Bates-Diop,519,-0.18654639422203342
Ray Spalding,55,-0.18644301306771915
Joey Dorsey,163,-0.18613304501979874
Jason Richardson,184,-0.18598273475997354
Chris Silva,119,-0.1852939889306343
Bruno Caboclo,423,-0.18422553262313707
Tiago Splitter,918,-0.1832763132844391
Bryce Dejean-Jones,78,-0.1832141599660129
Johnny O'Bryant III,543,-0.18304318690227833
Mason Jones,146,-0.1828729342556469
Gabe Vincent,332,-0.18273521121032932
Mindaugas Kuzminskas,387,-0.18243927396889292
Brandon Jennings,2746,-0.18241813399558532
Kobe Bryant,1973,-0.18227461315489205
Gary Clark,422,-0.1821173809642587
Carsen Edwards,249,-0.18187082309164365
Josh Powell,6,-0.18161664108504127
Khyri Thomas,159,-0.18106058390840274
Josh Jackson,3033,-0.18105291664632897
Sebastian Telfair,135,-0.18079441622456396
Patrick McCaw,738,-0.18052290957329192
Alex Len,3587,-0.17944237401623825
Dwayne Bacon,1529,-0.17940115201202939
Devin Harris,2525,-0.17922103027277012
DeAndre' Bembry,1442,-0.17901727894528302
Jerami Grant,4898,-0.17875811768425173
Amir Coffey,204,-0.17874390852639024
Jeremiah Robinson-Earl,77,-0.17873996871878914
Greg Smith,134,-0.17864205638824524
Luc Mbah a Moute,1933,-0.17821629037237674
Brandon Goodwin,457,-0.17816402520006547
Admiral Schofield,96,-0.17785976257927694
Paul Zipser,478,-0.17773633011589038
Draymond Green,4869,-0.17731786375130806
Killian Hayes,293,-0.1772343274344319
JaKarr Sampson,1126,-0.17581021879482653
Jahmi'us Ramsey,46,-0.17564464122189866
Brad Wanamaker,883,-0.17556046667555253
RJ Barrett,2214,-0.1753112244837697
Josh Smith,2725,-0.1751839762422045
Derrick Jones Jr.,1343,-0.1747041612197854
James Ennis III,2199,-0.1745637656288221
Josh Giddey,150,-0.1742820943101876
Chris Wright,35,-0.1741527070826912
Briante Weber,148,-0.1738749546819125
Sonny Weems,101,-0.173502058954616
DeMarcus Cousins,7259,-0.17289255375782833
Nazr Mohammed,158,-0.17276067351200514
Chris Chiozza,251,-0.17268365574938388
Trent Forrest,89,-0.17223677625299366
Alen Smailagic,75,-0.172216807452436
Ricky Rubio,5504,-0.1721874143935554
Tarik Black,873,-0.17200250404579492
Quincy Pondexter,689,-0.17199777411676526
Henry Walker,174,-0.17170517129325083
Ognjen Kuzmic,29,-0.1714490091851673
Miye Oni,137,-0.17113795226292933
Markus Howard,114,-0.17110789590478154
Ian Mahinmi,1764,-0.17102286004307365
Mario Chalmers,2263,-0.17091957686535436
Spencer Dinwiddie,3823,-0.17066761733623045
Anthony Edwards,1637,-0.17061669894600115
Tyreke Evans,4524,-0.17059259722887493
Jermaine O'Neal,289,-0.1702776363995151
Elie Okobo,496,-0.17025336330564808
Jason Collins,24,-0.17013036726905292
Cody Zeller,3403,-0.16994547330598403
Danny Granger,497,-0.16976424134714985
Jimmy Butler,8587,-0.1693386920093581
Semi Ojeleye,854,-0.16926412544499758
Jordan Poole,1275,-0.16860462794341263
Dragan Bender,962,-0.16856555336478
Jason Maxiell,325,-0.16814455469010894
Victor Claver,64,-0.16783261695060847
Jericho Sims,2,-0.16764063377037297
Vitor Faverani,159,-0.16734722189402176
Noah Vonleh,1516,-0.16725578642134345
Andrew White III,74,-0.16691009289172198
Ekpe Udoh,388,-0.16631917589502251
Alex Poythress,177,-0.16568031807574093
Bones Hyland,89,-0.16524348196587474
Javonte Green,331,-0.1645129522030856
Jonathan Isaac,1158,-0.16390821052774485
Brandon Boston Jr.,21,-0.16358032767394987
Juancho Hernangomez,1282,-0.16332273614981224
Walter Lemon Jr.,108,-0.16309305400839366
Kevin Porter Jr.,1047,-0.1624904439614205
Chasson Randle,608,-0.16221219701477135
Will Bynum,497,-0.1621112006201848
Luka Samanic,133,-0.16202148218275503
Tim Frazier,1327,-0.16160835016586977
Nando De Colo,160,-0.1615607137535061
Deni Avdija,404,-0.16073886597265039
John Salmons,462,-0.1606254236814609
Sam Dekker,991,-0.16058376278784584
Tyson Chandler,1830,-0.16044595755260832
Robert Sacre,714,-0.16034540557661522
Isaiah Briscoe,145,-0.16029995478489845
Bruce Brown,1372,-0.15947970067358536
Lance Thomas,1615,-0.1586636624429966
Adreian Payne,451,-0.15862521293170745
Reggie Williams,74,-0.15853708965781896
Yuta Watanabe,282,-0.1583984249505194
D.J. Wilson,596,-0.15823242312129193
Ty Lawson,2905,-0.15800581846232392
Kelly Oubre Jr.,4346,-0.15757329946233986
P.J. Dozier,660,-0.15755165293928486
Jerome Jordan,104,-0.15737200923317612
Rodions Kurucs,701,-0.1573311580112646
Isaiah Canaan,1694,-0.15728967486941844
Andre Drummond,8013,-0.1567334783933117
Samuel Dalembert,566,-0.1564856214528128
Moritz Wagner,797,-0.1564406401047095
Russell Westbrook,12770,-0.15535344563202655
Chris Andersen,669,-0.15514706932744354
Kent Bazemore,4773,-0.1544629912882238
Earl Clark,301,-0.15434952102743976
Chris Copeland,471,-0.1542792702860791
R.J. Hampton,445,-0.15415746485298096
Michael Kidd-Gilchrist,2733,-0.15401212706358966
Gary Payton II,298,-0.15279433273511323
James Anderson,910,-0.1524576294536665
Brandon Rush,588,-0.15231750955112036
Marko Guduric,162,-0.15126571140111433
Mitchell Creek,17,-0.15122175366423213
Zach Collins,819,-0.15099609397534616
Sean Kilpatrick,1430,-0.15091370930619627
Alex Caruso,1069,-0.1506172059287029
Vlatko Cancar,91,-0.15059293419056227
Dwight Buycks,304,-0.15048486720250256
Dorell Wright,523,-0.15041577386579205
Alec Peters,76,-0.15015642258479317
Facundo Campazzo,385,-0.1500765353812908
Miroslav Raduljica,156,-0.15007467067697627
Cristiano Felicio,878,-0.14986277815025123
Elijah Bryant,14,-0.149757428301462
Malachi Flynn,378,-0.14900910275329257
Chase Budinger,922,-0.148817505292473
Alan Williams,360,-0.14824625306304076
Talen Horton-Tucker,622,-0.14823931163880336
RJ Hunter,114,-0.14821404033261984
Edmond Sumner,546,-0.14773275105892028
Maurice Harkless,3069,-0.14771458895426454
Ryan Gomes,8,-0.14769092349567509
Matt Barnes,2387,-0.14768873328730125
Aaron Gordon,5402,-0.14754927374946047
Matisse Thybulle,567,-0.14708881334983767
Henry Sims,945,-0.1469162552914571
Perry Jones III,394,-0.1465654295658505
Nick Collison,683,-0.14645500599008693
Nicolas Brussino,145,-0.14605208830665584
Jusuf Nurkic,3920,-0.1456571766876365
Jonathon Simmons,1924,-0.14562212451914042
Mason Plumlee,4084,-0.14517652043571871
Jeremy Lin,3221,-0.1450020527303619
Luke Kornet,715,-0.14354034824908607
Tristan Thompson,4080,-0.1433216065221272
Rodney Stuckey,2477,-0.14316999420663712
Malcolm Delaney,712,-0.14241293647262096
Nikola Pekovic,1207,-0.14239828053713202
Nik Stauskas,2042,-0.1422860241882808
Kyle Singler,1446,-0.1420835798240869
Josh Magette,63,-0.14175296263785728
Nicolo Melli,487,-0.14150491323043707
Dorian Finney-Smith,2186,-0.14140185682358739
Ronny Turiaf,126,-0.14137899315035887
Demetrius Jackson,35,-0.14081254260702583
Chris Boucher,1145,-0.14060120695498826
Shabazz Napier,2226,-0.140099929536327
Andre Ingram,24,-0.13999956873970337
Toney Douglas,851,-0.13999238214407106
Guerschon Yabusele,151,-0.1397072095745509
Toure' Murry,144,-0.13969749295151565
Elfrid Payton,4804,-0.1396550951792019
Nate Wolters,454,-0.13963213472480265
Glen Davis,900,-0.13889568675099018
Ayo Dosunmu,76,-0.13863641714787833
Frank Ntilikina,1295,-0.13859378120363797
Steve Nash,103,-0.1385812182078294
Iman Shumpert,2337,-0.1385036723349319
Willie Green,598,-0.1383082337953755
Quincy Acy,1322,-0.1381177197902467
Jamel Artis,82,-0.13792093599350158
Kris Dunn,1920,-0.13766265091112448
DaQuan Jeffries,166,-0.13725239491665667
Timofey Mozgov,2114,-0.13686263845104665
Ray McCallum,922,-0.1366714927661427
Abdel Nader,834,-0.1362881940056104
Alec Burks,4363,-0.13623909056509756
Jaylen Morris,42,-0.13589141686665393
Aron Baynes,2660,-0.1354892928656087
Rudy Gobert,4807,-0.13520923345554542
Greg Monroe,4522,-0.1351952324832568
Joe Young,432,-0.13501804032822856
Chris Douglas-Roberts,298,-0.13492381178777577
Wendell Carter Jr.,1479,-0.1349085485250102
Nickeil Alexander-Walker,1015,-0.1348181020742657
Caris LeVert,3524,-0.1347236850113392
Jaylen Nowell,429,-0.13470463502724234
Jae Crowder,5293,-0.1343682400107524
P.J. Tucker,4046,-0.13430552067688117
Nick Calathes,589,-0.13405708329530724
John Wall,7781,-0.13372303498620147
Nate Robinson,666,-0.13369498983801692
Danuel House Jr.,1325,-0.13345508249604307
Roy Hibbert,2147,-0.13332933746318837
Melvin Frazier Jr.,57,-0.13311598682820405
Jerian Grant,1552,-0.13298071430421593
Daniel Hamilton,74,-0.1327904458459089
Jared Sullinger,2533,-0.13246329869080456
Allonzo Trier,705,-0.13245492842219203
Norris Cole,1580,-0.1321966384341684
Trevor Ariza,5579,-0.13193582732186665
CJ Wilcox,139,-0.1317557103018925
Evan Mobley,195,-0.13164958113032146
Kobi Simmons,199,-0.13141191481354852
Terrance Ferguson,837,-0.1309666291043198
Saddiq Bey,948,-0.1308510268839697
Jeremy Tyler,134,-0.1307778109315069
Luka Garza,20,-0.13051895907155403
Mangok Mathiang,7,-0.13008340051715622
Shabazz Muhammad,2184,-0.12993198714375745
Devontae Cacok,39,-0.1294296543360808
Francisco Garcia,346,-0.1292608207689755
Thabo Sefolosha,1881,-0.1291824684179441
Donald Sloan,850,-0.1289765538573657
Wayne Selden,871,-0.12892067631430426
Dwight Powell,2422,-0.12884123377903164
Joffrey Lauvergne,1065,-0.1284561711298623
Jarrod Uthoff,58,-0.1283842983616684
Shane Battier,272,-0.1281720184660363
Isaiah Joe,168,-0.1280167092339152
Luol Deng,3044,-0.12799815949509769
Skylar Mays,113,-0.1273399434537409
Delon Wright,2331,-0.12730389960327804
Mario Hezonja,2150,-0.1272171415744481
Kevon Looney,1092,-0.12701273540062297
Austin Rivers,4697,-0.12679998110491053
Justin James,218,-0.12629439825243688
Tyler Ennis,780,-0.12577439242080163
Nassir Little,451,-0.12565450690332808
Rui Hachimura,1306,-0.12548836966583396
Lucas Nogueira,323,-0.12529246751137166
Andray Blatche,651,-0.1250369780417397
Ja Morant,2451,-0.12466935545307166
DeMarre Carroll,3768,-0.12430734730098633
Nic Claxton,241,-0.12424141267035807
Sasha Kaun,16,-0.12366396021906476
Charlie Villanueva,765,-0.12294211744384247
Mo Bamba,1035,-0.12266029017786749
Jarvis Varnado,79,-0.12252782312454717
Miles Plumlee,1466,-0.12246305550749095
Dion Waiters,4495,-0.12245239155153444
Mike Harris,56,-0.12232767475318447
Cole Anthony,845,-0.12201450556503424
Randy Foye,2180,-0.12197306270310282
Kevin Martin,2246,-0.12189731729751878
Markelle Fultz,1213,-0.12174243172884924
James Southerland,15,-0.12150656637029732
Dwight Howard,4828,-0.12145726859421034
Tyler Dorsey,678,-0.12091086303472261
Joel Embiid,5261,-0.12090200395225148
Paul Millsap,6524,-0.1202929276103752
James Harden,13328,-0.11979660939788696
Jaxson Hayes,728,-0.11978663344337442
Chuma Okeke,397,-0.11954811896398645
Garrett Temple,3390,-0.11904137301568958
Alan Anderson,1079,-0.11841613142493726
Shane Larkin,1292,-0.11834280579633308
Frank Kaminsky,3186,-0.11829117711637323
De'Anthony Melton,1244,-0.11826298071987001
Lou Williams,8086,-0.11813263077705911
Shawne Williams,507,-0.11810718427281006
Jeff Teague,6273,-0.11810656519468865
Trey Lyles,2616,-0.11787133515168244
Willie Cauley-Stein,3151,-0.11785773340909346
Kenneth Faried,3346,-0.11755514154470884
Robert Covington,5024,-0.11752922117024193
Isaiah Thomas,6067,-0.11740269342284523
Lonzo Ball,2657,-0.11694742361654535
Eric Moreland,146,-0.11678395585918687
Isaiah Roby,502,-0.11672595373483331
Marcus Thornton,1695,-0.11657705739523617
Jordan Hamilton,536,-0.11636584244182727
C.J. Watson,1199,-0.11636292283286274
Victor Oladipo,7091,-0.11613915083048316
Jeff Green,6318,-0.11589547730961784
Kris Humphries,1513,-0.11562483470675612
Andrew Wiggins,9645,-0.11552225433204955
Willy Hernangomez,1504,-0.11542920335694952
P.J. Washington,1437,-0.1153585001282109
Davion Mitchell,140,-0.11530016637511782
Kenyon Martin,144,-0.1151115333609415
De'Aaron Fox,4637,-0.11485640880817174
Anderson Varejao,884,-0.11473746268784847
Marvin Bagley III,1549,-0.11471884098774522
Jay Scrubb,56,-0.11443986555238535
Trae Young,4346,-0.1140095475254501
Jarrett Allen,2389,-0.11397138966055703
Xavier Munford,88,-0.1136259710095494
Dylan Windler,175,-0.11264933624351174
Chimezie Metu,354,-0.11264414104940812
Dario Saric,3619,-0.1124375327631359
Kadeem Allen,231,-0.11231572597190508
Frank Jackson,1249,-0.11225193042148422
Taurean Prince,3141,-0.11224064363095403
Eric Bledsoe,7252,-0.11192102794154049
Edy Tavares,23,-0.11190102996185523
Rodney McGruder,1305,-0.11182130136474534
Jason Thompson,1104,-0.11168205800418957
Grant Williams,562,-0.11155660988826409
Lonnie Walker IV,1222,-0.11148595168325662
Gian Clavell,19,-0.11142717591437429
Julius Randle,6930,-0.11117265200147457
Brandon Knight,3809,-0.11112540084837748
Juwan Morgan,59,-0.11106071993386926
Terrence Jones,1992,-0.11096538878691613
Sasha Vujacic,408,-0.11062959969070023
Robert Franks,33,-0.1103925174610613
Ersan Ilyasova,4263,-0.11036604160714719
Drew Gooden,535,-0.1101025998781301
Daryl Macon,32,-0.11008193878014497
Joel Anthony,136,-0.10986257424288672
Justin Robinson,78,-0.10984670149352392
Ky Bowman,334,-0.10883485520228021
Fred VanVleet,3341,-0.10861327250206305
Josh Hart,1953,-0.108574877020203
Aaron Nesmith,224,-0.10834274137643014
Erick Green,178,-0.1082429771577632
Nerlens Noel,2671,-0.10808141390853551
Wesley Johnson,2579,-0.10799912884587591
Ben McLemore,3893,-0.10739902518083258
Troy Brown Jr.,1094,-0.1067185198982112
Ed Davis,2166,-0.10593119264497601
Jordan McRae,792,-0.10572339671568978
Brice Johnson,51,-0.1053939740006168
Kevin Love,6886,-0.10521413512342775
Salah Mejri,530,-0.10512245460385554
Cedi Osman,2483,-0.10469521462938108
Donte DiVincenzo,1286,-0.10466592269240262
Jordan Bell,504,-0.10428613430087671
Raymond Felton,2553,-0.1042764832977463
Torrey Craig,1114,-0.103992973181299
Alize Johnson,142,-0.10378795066673409
D.J. Augustin,4611,-0.10369751203426912
Evan Turner,4331,-0.10343115585758215
Devonte' Graham,2185,-0.10334808988440845
Malik Monk,2107,-0.10270754386622188
DeJuan Blair,557,-0.10239627203395982
Will Barton,5505,-0.10223382478676797
Jake Layman,988,-0.10220854203398694
Travis Wear,284,-0.10219070983724714
Brandon Bass,2125,-0.10217148335472495
Antonio Blakeney,579,-0.10133246289633586
Nikola Mirotic,3265,-0.10129302600244969
Aaron Holiday,1409,-0.10127682709193425
Marreese Speights,2630,-0.10109812573612452
Eric Gordon,6220,-0.10099098051419739
Cartier Martin,319,-0.10078530409109658
Shelvin Mack,2493,-0.10077173859152747
Vince Carter,3256,-0.10070832753773587
Kenyon Martin Jr.,420,-0.10060994343561301
JaMychal Green,2977,-0.1003842580744416
Eric Paschall,1114,-0.10012277450714613
Tyler Johnson,3018,-0.1000678623846563
Coby White,1787,-0.09992732330719702
Omri Casspi,2159,-0.09960845348398632
Herbert Jones,76,-0.09935517793036647
Donta Hall,73,-0.09922847429350035
Bobby Brown,120,-0.09922148429233711
Justin Holiday,3937,-0.09903468575957577
Blake Griffin,7946,-0.09882568301121883
Tyler Zeller,1864,-0.09860283230069784
Rajon Rondo,3908,-0.09827555375572901
Isaiah Hartenstein,391,-0.09817673900983273
Dennis Schroder,7372,-0.09810698919375024
Jodie Meeks,2327,-0.0979979052540908
Obi Toppin,313,-0.09796328463582689
Sterling Brown,1190,-0.09776752025958385
Clint Capela,4003,-0.09771571587336578
Brendan Haywood,34,-0.09768879011435946
Kentavious Caldwell-Pope,6311,-0.09760810760336634
Johnathan Williams,165,-0.09711175632744551
Kelan Martin,389,-0.09693087939111274
Martell Webster,732,-0.09601507971575603
Josh Harrellson,75,-0.09558276181519978
Naz Reid,1010,-0.09546836730308539
Ivica Zubac,1839,-0.09539520493475064
David Stockton,10,-0.09533156232723965
Gary Harris,4324,-0.09519397709044343
Spencer Hawes,1984,-0.09464318093756366
Tyler Ulis,1035,-0.0942670804419183
Cole Aldrich,741,-0.09423316442086489
Danilo Gallinari,5112,-0.09415999280531946
Jerryd Bayless,2176,-0.09413231173860137
Dillon Brooks,3262,-0.09398342928151115
Monta Ellis,4407,-0.0937496222445172
Jeff Ayres,324,-0.09364752512333567
Nene,2665,-0.09311152753007515
Svi Mykhailiuk,1185,-0.09266405696036424
Jae'Sean Tate,826,-0.09252740976112356
Gorgui Dieng,3658,-0.0922208596452037
Dejounte Murray,2722,-0.09220578629430057
Keldon Johnson,1099,-0.09211141348142453
Johnathan Motley,186,-0.09139985195634782
De'Andre Hunter,1122,-0.091082247991373
Charles Bassey,16,-0.09101495152553443
Alfonzo McKinnie,588,-0.0900951368140542
Lance Stephenson,3333,-0.08990392034077838
Kemba Walker,10219,-0.0897804500458597
Jordan McLaughlin,462,-0.08970330635425049
Mitch McGary,202,-0.08944334114878699
AJ Price,190,-0.08943562746353191
Wilson Chandler,3896,-0.08935635197541511
LaMelo Ball,979,-0.08922071040624042
Dwyane Wade,6033,-0.08916453631301682
Vernon Carey Jr.,39,-0.08869357743650434
Kenrich Williams,964,-0.08784987627973977
Giannis Antetokounmpo,10035,-0.08770450049992286
Bam Adebayo,2990,-0.08664907707264703
Tre Jones,125,-0.08662309823889777
Gordon Hayward,7252,-0.08660503409616253
Diante Garrett,254,-0.08650962220352379
Josh McRoberts,818,-0.08597464795009811
Derrick White,1875,-0.08567511456456336
Donatas Motiejunas,1432,-0.08551648861499099
Deron Williams,2928,-0.0854227936112382
Tim Duncan,2342,-0.08537430552221452
Dalano Banton,69,-0.08530676749301574
Marcelo Huertas,298,-0.08496935647785231
John Lucas III,267,-0.08486123561821078
Harrison Barnes,7695,-0.08478852783026102
Gerald Henderson,2987,-0.0845984488983444
James Johnson,3499,-0.08435163999291993
Kirk Hinrich,1109,-0.08422401763023793
Shawn Marion,1004,-0.08386503504486144
OG Anunoby,2233,-0.08357226280002068
Leandro Barbosa,1292,-0.08339406250063412
Justin Jackson,1527,-0.08336140031969283
David Lee,2221,-0.08321520384153078
Paul Pierce,1896,-0.08313124452855834
Terance Mann,592,-0.08273297725010632
Andre Iguodala,2875,-0.08247902758335288
Ish Smith,4819,-0.08226262382569295
Robbie Hummel,361,-0.08197776152165066
Kyle Lowry,7945,-0.08189450660633985
Patrick Beverley,3463,-0.08172311338219918
Ante Zizic,533,-0.08136744392282284
Derrick Rose,5734,-0.08075172350015736
Matthew Dellavedova,2295,-0.0806967735268625
Jevon Carter,717,-0.08019342624602906
Ryan Anderson,3481,-0.08002975681418738
Terry Rozier,4363,-0.0798607262302175
Gabriel Deck,82,-0.07955921702026005
Jimmer Fredette,433,-0.0794015029338348
Eugene Omoruyi,5,-0.07909061989603408
J.J. Barea,3588,-0.07897459842682636
Miles Bridges,2265,-0.07883561870531554
Ben Gordon,431,-0.07877218529468032
Garrison Mathews,342,-0.07859460681538338
Richard Jefferson,1754,-0.07854148776646551
DeMar DeRozan,11412,-0.07833780416101216
Dewayne Dedmon,2202,-0.07827927786234483
Ben Simmons,3596,-0.077966744938914
Hollis Thompson,1836,-0.0774050925488767
Luis Scola,1996,-0.07724155949168682
Rashard Lewis,230,-0.0764547329021114
Damian Lillard,12530,-0.07625905212933035
Zach Randolph,5034,-0.0761061437075628
O.J. Mayo,1505,-0.07588506687404373
Jabari Parker,3777,-0.07578834748316068
Wesley Matthews,5735,-0.07568584499973953
Jonas Jerebko,1902,-0.0755366883265793
Lauri Markkanen,3062,-0.07533896139367667
Jordan Bone,74,-0.0753149141576335
Pascal Siakam,4131,-0.07511047495659479
Markieff Morris,5916,-0.0743357393306336
Joel Freeland,322,-0.07412169807001055
Glenn Robinson III,1588,-0.07404220936078146
Justin Hamilton,598,-0.07402399067928092
Aaron Brooks,2291,-0.07299263978928157
Lavoy Allen,1142,-0.07270964916703627
Dante Cunningham,2219,-0.07264822033764952
Tyler Cavanaugh,165,-0.07254273480952765
Kristaps Porzingis,4799,-0.07245875388391922
Jaden McDaniels,476,-0.072185535763125
Anzejs Pasecniks,126,-0.07207305663362833
Langston Galloway,3304,-0.07205261770663597
Kyle Kuzma,3987,-0.07121690777144478
Franz Wagner,183,-0.07099459510540451
Trevor Booker,2344,-0.0700128109072665
Derrick Favors,5361,-0.06893846174485466
Jaylen Brown,4506,-0.0689347134394763
Anthony Gill,67,-0.06874495698788738
Derek Fisher,367,-0.0685321336157954
Tre Mann,50,-0.0685208754230174
Brandon Ingram,5068,-0.06849063140063304
Patrick Patterson,2786,-0.06844632800427942
Christian Wood,1734,-0.06838764400651942
James Wiseman,397,-0.06803696264459914
Manu Ginobili,2607,-0.06784772048025467
Domantas Sabonis,4213,-0.06779094135421614
Carl Landry,765,-0.06760025841084803
Trey Burke,4438,-0.06712574312971416
Zion Williamson,1666,-0.06677703969694913
Jalen McDaniels,429,-0.06660013991559467
Mike Dunleavy,1672,-0.06655174925171987
Jon Leuer,1840,-0.06619665608330987
Steven Adams,4532,-0.06579920607845031
Collin Sexton,3839,-0.06575235868647242
Carlos Boozer,1631,-0.06572694017922623
Darrell Arthur,1591,-0.06540419723638584
Yogi Ferrell,1814,-0.06531004065999664
Scottie Barnes,200,-0.06504169054117628
Harry Giles III,751,-0.06466015431577998
Jabari Bird,30,-0.06406768539883198
Zach LaVine,6901,-0.06402722127054154
Jayson Tatum,5130,-0.06380063561501881
Jarrett Jack,2337,-0.06372585074509195
CJ Miles,3560,-0.06362127036984433
Jameer Nelson,2421,-0.06356240820987266
Andrea Bargnani,1111,-0.06302927043628945
Luka Doncic,4526,-0.06302504501061058
Furkan Korkmaz,1486,-0.06257623384279735
Tim Hardaway Jr.,6746,-0.06251294831303213
Immanuel Quickley,734,-0.06153147412354928
Enes Kanter,5985,-0.061359289092140355
Cory Joseph,4112,-0.060670849052432065
Tyus Jones,2122,-0.06024803439738435
Chandler Parsons,3209,-0.06000493546856458
Mike Conley,6657,-0.059826264008527294
Royce O'Neale,1542,-0.05928940446736793
John Henson,2476,-0.05928644876410651
Donovan Mitchell,6007,-0.05902826849387352
Cameron Johnson,1013,-0.059008140789748566
Skal Labissiere,954,-0.058844412039142514
Brian Roberts,1371,-0.05820108539220313
Alex Abrines,805,-0.05810369686983152
Raul Neto,1643,-0.05802915394666784
Jamal Crawford,5134,-0.05792802287503539
Reggie Jackson,6919,-0.057801642357094195
Kelly Olynyk,4731,-0.05775532792057952
Terence Davis,976,-0.0574388729352151
Anthony Davis,10334,-0.057266995873543926
Damyean Dotson,1495,-0.057069305053716886
Travis Outlaw,319,-0.05673766413070544
Dean Wade,399,-0.0564228723129614
Tayshaun Prince,1138,-0.05620226288107474
Jarrell Brantley,82,-0.05614700056473906
Tomas Satoransky,2112,-0.05607387912202291
Kosta Koufos,2318,-0.05588231298279179
Damian Jones,471,-0.05574551074905343
Norman Powell,3443,-0.055584041676515636
Josh Richardson,4243,-0.055489088129056854
Shai Gilgeous-Alexander,2784,-0.05493480545605698
Mirza Teletovic,2074,-0.05469651134234429
Anthony Tolliver,2441,-0.05452623885056685
Malik Fitts,3,-0.05445698659650063
Gary Neal,1299,-0.05425043797360647
Thaddeus Young,7099,-0.05392122899103278
Damion Lee,1229,-0.053902131604587414
Maxi Kleber,1592,-0.05350949192178727
Chris Clemons,144,-0.053422573711847686
Goran Dragic,7265,-0.05341330238154763
Kyle Anderson,2615,-0.05330147987912578
Pat Connaughton,1740,-0.0530671160559897
Jamaal Franklin,42,-0.052863247414681236
Devin Vassell,475,-0.05278988326426394
Myles Turner,4355,-0.05239017629806827
Devin Booker,8031,-0.052156089741910966
Denzel Valentine,1712,-0.05199446697600047
Paul George,9876,-0.051939729613270445
Gerald Green,3680,-0.05187586041462919
Nicolas Batum,5273,-0.051736159209378706
Nick Young,2936,-0.05144435810876419
Greg Stiemsma,139,-0.05128563753426355
Jorge Gutierrez,112,-0.05075495523020627
Jonah Bolden,180,-0.05072599539464559
Taj Gibson,4621,-0.05025316727541894
Drew Eubanks,422,-0.05022184920394798
Amida Brimah,9,-0.050064763019695896
Avery Bradley,5535,-0.04936116737299364
Pau Gasol,4636,-0.049150828204406305
Jaren Jackson Jr.,1801,-0.04853590952358906
Marc Gasol,6420,-0.048529360535880146
Bol Bol,107,-0.04831398547731066
Jeremy Lamb,4789,-0.04811858213541673
D'Angelo Russell,5999,-0.04807081103490315
Isaiah Stewart,531,-0.04783828051946407
Rudy Gay,6576,-0.0477011020901161
Carmelo Anthony,8494,-0.04767070970095737
Gigi Datome,188,-0.04701656601413161
Paul Reed,112,-0.046155719504835865
Andrew Nicholson,1035,-0.04569431724526531
Tyler Lydon,19,-0.045386813734792905
Steve Blake,909,-0.045205113185831654
Kendall Marshall,648,-0.04516904424327016
Chris Bosh,2605,-0.04506438767239477
Armoni Brooks,235,-0.044900342190029544
TJ Leaf,436,-0.04455014063333899
Sergio Rodriguez,522,-0.04448404766850032
Doron Lamb,167,-0.04438571179324481
Devin Cannady,29,-0.044044308038978956
Darius Garland,1782,-0.04363378751460596
Evan Fournier,6801,-0.04350110344759596
Jordan Clarkson,7318,-0.04336090476928059
Bradley Beal,10786,-0.04335993386434153
Jrue Holiday,7436,-0.04292158306848831
Carrick Felix,15,-0.04285633739277669
DeAndre Jordan,4332,-0.04269880474066421
Cameron Payne,1494,-0.042538861150883574
Bojan Bogdanovic,6505,-0.04195186429221827
Jeremy Evans,463,-0.04180999238298737
Lester Hudson,15,-0.041722509105954396
Malcolm Brogdon,4009,-0.04166166132464502
Tim Quarterman,32,-0.04145238811600933
Larry Nance Jr.,2455,-0.041300440569507865
Dakota Mathias,48,-0.04103848701323761
Andre Miller,656,-0.04065250335909189
Greivis Vasquez,1549,-0.040434814250407985
Malcolm Miller,89,-0.04033220642787951
Nick Richards,43,-0.04008609251393897
Justin Harper,23,-0.0399487136169755
John Konchar,220,-0.0393247798435051
Mike Scott,3122,-0.03897156516884999
Cameron Reynolds,97,-0.03885451388045356
Anfernee Simons,1219,-0.03884818538416311
Bobby Portis,3716,-0.03847304765807071
Rodney Hood,4134,-0.0381648823399396
Patrick Williams,597,-0.03772908264375631
Ian Clark,1652,-0.037388838096308226
C.J. Williams,235,-0.03721743006703694
Bryce Cotton,78,-0.03716339778841823
Roger Mason Jr.,57,-0.037157366237359525
Brook Lopez,6774,-0.03598603737664328
Alexis Ajinca,1148,-0.03552382999488907
Marvin Williams,4078,-0.03529086483486506
Jordan Hill,1853,-0.03514204551121747
Luke Ridnour,490,-0.0351072996410223
Isaiah Todd,3,-0.03463128065183407
Cliff Alexander,10,-0.034223193726515444
Willie Reed,591,-0.03391948745895308
Grayson Allen,1073,-0.03379743526294488
Deyonta Davis,361,-0.033475365077231325
Chris Duarte,187,-0.03344443468163812
Shake Milton,1251,-0.032369586865775304
Ryan Arcidiacono,838,-0.030978371372910762
Landry Shamet,1555,-0.030601153487027806
Brandon Sampson,63,-0.03041481971989972
Amir Johnson,2439,-0.029734506228368766
Aaron Wiggins,8,-0.02923686611930687
Jamal Murray,4886,-0.028198456214003065
Jameel Warney,14,-0.027672477135922708
Byron Mullens,159,-0.02764149221856806
Jordan Crawford,1061,-0.026218552652373633
Jordan Loyd,21,-0.026046393798842587
John Collins,3193,-0.025838691246804248
Daniel Theis,1605,-0.0256185161360607
Shawn Long,118,-0.025421132688607732
Boban Marjanovic,1210,-0.025393629891618218
Jordan Farmar,643,-0.025256604175564072
Marcus Morris Sr.,6567,-0.02494836457850528
Jonathan Gibson,122,-0.024778102061785597
Mitchell Robinson,994,-0.024748617842178883
Ryan Hollins,282,-0.02458094492120014
Kyle O'Quinn,2012,-0.024262034374847013
MarShon Brooks,428,-0.02369576070928105
Darren Collison,4318,-0.023571780383812316
Malik Beasley,2351,-0.022682492412258747
Jordan Nwora,262,-0.021900412939313406
Mike Muscala,1959,-0.02178123660303014
Pablo Prigioni,556,-0.021574141468743604
Tony Parker,3990,-0.021132052000495876
Tobias Harris,8866,-0.021082382829243435
Kevin Huerter,2169,-0.02047246019021762
Allen Crabbe,2948,-0.020353435467179555
Marco Belinelli,4324,-0.02031256763643684
Mo Williams,1880,-0.019972218789427763
Ivan Rabb,399,-0.019892926609112245
Elton Brand,532,-0.019793331060891643
Montrezl Harrell,3901,-0.018943741940737613
Danny Green,4552,-0.01877340989793
Marcin Gortat,4045,-0.018605425831648464
Adonis Thomas,14,-0.018270565233685847
LeBron James,11351,-0.01803199740613377
Hassan Whiteside,4677,-0.017988753200294135
Nemanja Bjelica,2596,-0.017948203052115908
Terrence Ross,5784,-0.017786041590966733
LaMarcus Aldridge,9431,-0.017209649657366426
Ty Jerome,478,-0.016801937735446592
John Jenkins,421,-0.01590404388658831
Payton Pritchard,472,-0.015615104593516544
Omari Johnson,21,-0.014928322618175834
Amar'e Stoudemire,1380,-0.014551042508576667
Arron Afflalo,3368,-0.01431138146763846
Hasheem Thabeet,25,-0.012214928560344491
Arinze Onuaku,26,-0.012124782422193827
Jason Terry,1333,-0.011767558638695098
Reggie Bullock,2491,-0.011458590247325267
Chris Kaman,974,-0.011025822472537547
George Hill,4220,-0.010950145648835403
Caron Butler,1004,-0.010378447508546952
Mikal Bridges,1976,-0.010286865551939074
JaVale McGee,2259,-0.00949534273037213
Tony Snell,2931,-0.009216084189035354
Dakari Johnson,42,-0.009184239266939868
T.J. Warren,4350,-0.009141053678662055
Jonas Valanciunas,5962,-0.008874782348117241
Mychal Mulder,350,-0.008585021330804821
Gary Trent Jr.,1567,-0.007802729097501606
Shaun Livingston,2219,-0.006921999408156807
Boris Diaw,1924,-0.006223996927797865
Andrew Goudelock,20,-0.006064293946935318
Jared Dudley,2142,-0.005456793028091371
Jason Smith,1908,-0.005086810013240926
Wayne Ellington,3464,-0.003945887019585123
Jahlil Okafor,2128,-0.003504024634298103
Kevin Garnett,734,-0.0031601663250464466
Robin Lopez,4699,-0.002937993241852262
Tyler Herro,1680,-0.0026258321293906976
Ray Allen,555,-0.002441439586224691
JR Smith,3628,-0.002380717135184099
Andrew Bogut,1158,-0.0021612726403767188
Kevin Pangos,3,-0.002124852341455208
Rasual Butler,747,-0.0014337347476373126
Max Strus,261,-0.001016695187005634
Patty Mills,4924,-0.0007291800021670931
Devin Robinson,39,-7.127412684656752e-05
Brandon Clarke,1113,0.0007024144429505126
Zeke Nnaji,137,0.002356352063283521
Louis King,57,0.004453788151379931
Nicolas Laprovittola,47,0.005124890589950364
Kawhi Leonard,7685,0.005277629587421889
Kendrick Nunn,1612,0.006482910685536286
Kyrie Irving,8992,0.007205398338775052
Tyrese Maxey,685,0.007708534996494821
Michael Beasley,2253,0.009373095527550864
Joe Johnson,3805,0.009876740839670653
Beno Udrih,1081,0.009986757883037411
Tony Bradley,492,0.010146690415921008
Casper Ware Jr.,40,0.012631294510201835
Khris Middleton,8076,0.014065492196297949
Richaun Holmes,2516,0.014859658962924753
James Jones,523,0.015729987322364476
Buddy Hield,5548,0.01578038794905967
CJ McCollum,9055,0.015821064276088814
Melvin Ely,6,0.016616268441385973
Courtney Lee,3606,0.018150120383067073
Devon Dotson,21,0.018843093481838345
Karl-Anthony Towns,7462,0.018918507598012703
Sam Merrill,98,0.018977419836461163
Al Jefferson,3754,0.0196943298065966
Luke Babbitt,1143,0.0198596311599484
Sandro Mamukelashvili,15,0.019899098476880983
Ryan Broekhoff,190,0.020535133177384448
Derrick Walton Jr.,68,0.020696314336383487
Julyan Stone,30,0.02093624641243219
Nikola Vucevic,8989,0.02125579148068145
Bogdan Bogdanovic,3212,0.022021589323127554
Juan Toscano-Anderson,324,0.022037245826121935
Georgios Papagiannis,146,0.02263541847084745
Troy Daniels,1935,0.023730810349554845
Milos Teodosic,410,0.024367692159684002
Channing Frye,2481,0.024785578511042117
Damjan Rudez,413,0.02641856282293655
Kevin Seraphin,1102,0.02705134578994545
Monte Morris,1897,0.027709155952349317
Daniel Gafford,484,0.027984867542384995
Georges Niang,1134,0.028229791814412698
Serge Ibaka,6557,0.028383081480020042
Jalen Johnson,10,0.02898026591361812
Onyeka Okongwu,162,0.029126303762097898
E'Twaun Moore,3587,0.029127398448351487
Doug McDermott,3610,0.02915554755241265
Deandre Ayton,2385,0.02917116857230701
Darius Miller,1238,0.02996537796554624
Tyler Cook,137,0.030787068906904826
Otto Porter Jr.,4064,0.03108339956044103
Hedo Turkoglu,307,0.03198199987228838
Omer Yurtseven,15,0.0357967206268688
Cheick Diallo,734,0.0369028622919942
Al Horford,5939,0.03692238563329828
Meyers Leonard,1730,0.03703747996918079
Jalen Brunson,1848,0.03721244517821371
David West,2795,0.03724057235748524
Jakob Poeltl,1677,0.038479201999926875
Austin Reaves,47,0.03886037966122411
Klay Thompson,8131,0.04281729770824177
Xavier Tillman,353,0.04423751947966508
Davis Bertans,2262,0.04590568165071934
Quinn Cook,1060,0.04628169581968327
Jacob Pullen,2,0.04698692367817858
Tacko Fall,54,0.04735800387739407
Shamorie Ponds,6,0.04834940994203648
Paul Watson,114,0.04923134778101073
Dirk Nowitzki,5373,0.0506983302683836
Matt Bonner,453,0.050879498225855684
Anthony Morrow,1734,0.050931964397349934
Jose Alvarado,4,0.05325161993651295
Kevin Durant,8724,0.054089545112049116
Nikola Jokic,6763,0.05619224275834575
Bryn Forbes,2651,0.057344636549717415
Cassius Winston,35,0.058853142063967634
Thomas Bryant,1114,0.059763281788090615
T.J. McConnell,2875,0.06029495749753556
Luke Kennard,1905,0.061173198464938426
JJ Redick,6153,0.06143889445434666
Brandan Wright,1086,0.06272257221854319
Joe Ingles,3911,0.06436526646555964
Vincent Hunter,5,0.06717996972898548
Mike Miller,651,0.06834925514608277
Michael Porter Jr.,1378,0.07154130781902088
Stephen Curry,10203,0.07403359631059087
Jose Calderon,1992,0.07462228409282859
Tahjere McCall,3,0.07687113845979598
Desmond Bane,696,0.07762495592624195
Joe Harris,3569,0.07983712014320242
Tyrese Haliburton,783,0.08169812405947809
Chris Paul,7557,0.08439276626720825
Matt Thomas,289,0.0874301350744393
Jontay Porter,17,0.09108560464648746
Zylan Cheatham,9,0.09319167438299027
Steve Novak,226,0.09822505219402496
Duncan Robinson,1646,0.10648794924429904
Jalen Harris,76,0.11027811816815812
Robert Williams III,523,0.11079555936765341
Jannero Pargo,154,0.11340530091416967
Jeremy Pargo,22,0.11884433602979648
Seth Curry,2752,0.11993385883416723
Jamil Wilson,83,0.14449946294853003
Marcus Derrickson,35,0.15010250785730875
Thomas Welsh,14,0.15313812871505936
Kyle Korver,3543,0.1544742495824019
Cameron Oliver,33,0.1623597370786575
Sim Bhullar,2,0.190108914508564
Tyrus Thomas,2,0.2077641840327797
Kessler Edwards,6,0.2347395678910046
Troy Caupain,8,0.2998359932348503
Jock Landale,6,0.33623492214525214
Keith Bogans,6,0.3537945069495097
Quentin Grimes,6,0.38270628701406845
Trevon Duval,3,0.44398303354095825
Reggie Hearn,2,0.47086709744165256
Scott Machado,6,0.4760552121783921
Coty Clarke,4,0.5315370466481968
Grant Riller,12,0.5373027222150947
Duane Washington Jr.,3,0.6517155403903705
Andris Biedrins,1,0.8741152000225616
RJ Nembhard Jr.,1,0.913575343332411
Maalik Wayns,1,1.1994467327056033
Joshua Primo,2,1.3793912438793865
Jamorko Pickett,1,1.8411546583752054
Jordan Sibert,1,1.859007116845957
Joe Wieskamp,1,1.9079598776238895
McKinley Wright IV,1,1.9140823122394408
